date,pagePath,pageTitle,screenPageViews
20250310,/get-paid-faster-with-automated-invoicing/,Automated Invoicing Services | Pro Efficient Data Entry,16
20250310,/get-paid-faster-with-automated-invoicing/,Get Paid Faster with Automated Invoicing - Pro Efficient Data Entry,16
20250310,/contact/,Contact US | Pro Efficient Data Entry,14
20250310,/blog/,Blogs | Pro Efficient Data Entry,13
20250308,/,Home - Pro Efficient Data Entry,10
20250310,/about/,Data Entry USA Company | Pro Efficient Data Entry,9
20250310,/business-process-automation-trends-and-insights-for-2024/,Business Process Automation Trends and Insights for 2024 - Pro Efficient Data Entry,8
20250310,/pricing/,Pricing | Pro Efficient Data Entry,8
20250310,/simple-accurate-proof-of-delivery/,Automated Invoicing Services | Pro Efficient Data Entry,8
20250222,/,Home - Pro Efficient Data Entry,7
20250310,/how-cfos-leverage-back-office-support-to-reduce-costs-and-optimize-operations/,Back Office Support | Pro Efficient Data Entry,7
20250310,/services/,Data Management Services | Pro Efficient Data Entry,7
20250224,/pricing/,Pricing - Pro Efficient Data Entry,6
20250227,/,Home - Pro Efficient Data Entry,6
20250228,/,Home - Pro Efficient Data Entry,6
20250310,/,Data Entry Companies In USA | Pro Efficient Data Entry,6
20250310,/simplify-load-management-with-automation-for-faster-freight-dispatch/,POD Automation Transforms | Pro Efficient Data Entry,6
20250220,/,Home - Pro Efficient Data Entry,5
20250303,/blog/,Blog - Pro Efficient Data Entry,5
20250303,/the-importance-of-manual-data-entry-services-in-the-digital-age/,The Importance of Manual Data Entry Services in the Digital Age - Pro Efficient Data Entry,5
20250310,/,Automated Invoicing Services | Pro Efficient Data Entry,5
20250311,/,Automated Invoicing Services | Pro Efficient Data Entry,5
20250312,/,Data Entry Companies In USA | Pro Efficient Data Entry,5
20250303,/,Home - Pro Efficient Data Entry,4
20250305,/,Home - Pro Efficient Data Entry,4
20250306,/simple-accurate-proof-of-delivery/,"Simple, Accurate Proof of Delivery - Pro Efficient Data Entry",4
20250310,/accounting-and-finance/,Accounting and Finance - Pro Efficient Data Entry,4
20250310,/contact/,Contact - Pro Efficient Data Entry,4
20250311,/,Data Entry Companies In USA | Pro Efficient Data Entry,4
20250311,/blog/,Blogs | Pro Efficient Data Entry,4
20250315,/,Data Entry Companies In USA | Pro Efficient Data Entry,4
20250315,/blog/,Blogs | Pro Efficient Data Entry,4
20250319,/blog/,Blogs | Pro Efficient Data Entry,4
20250216,/,Home - Pro Efficient Data Entry,3
20250220,/accounting-and-finance/,Accounting and Finance - Pro Efficient Data Entry,3
20250220,/customer-support/,Customer Support - Pro Efficient Data Entry,3
20250221,/pricing/,Pricing - Pro Efficient Data Entry,3
20250225,/,Home - Pro Efficient Data Entry,3
20250227,/contact/,Contact - Pro Efficient Data Entry,3
20250301,/,Home - Pro Efficient Data Entry,3
20250306,/,Home - Pro Efficient Data Entry,3
20250306,/get-paid-faster-with-automated-invoicing/,Get Paid Faster with Automated Invoicing - Pro Efficient Data Entry,3
20250310,/manual-data-entry/,Manual Data Entry - Pro Efficient Data Entry,3
20250311,/simple-accurate-proof-of-delivery/,Automated Invoicing Services | Pro Efficient Data Entry,3
20250319,/simple-accurate-proof-of-delivery/,Automated Invoicing Services | Pro Efficient Data Entry,3
20250215,/,Home - Pro Efficient Data Entry,2
20250217,/,Home - Pro Efficient Data Entry,2
20250218,/,Home - Pro Efficient Data Entry,2
20250218,/customer-support/,Customer Support - Pro Efficient Data Entry,2
20250218,/reposession-services/,Reposession Services - Pro Efficient Data Entry,2
20250221,/,Home - Pro Efficient Data Entry,2
20250221,/about/,About - Pro Efficient Data Entry,2
20250222,/about/,About - Pro Efficient Data Entry,2
20250224,/,Home - Pro Efficient Data Entry,2
20250224,/blog/,Blog - Pro Efficient Data Entry,2
20250224,/transcription/,Transcription - Pro Efficient Data Entry,2
20250225,/404/,Page not found - Pro Efficient Data Entry,2
20250226,/,Home - Pro Efficient Data Entry,2
20250304,/,Home - Pro Efficient Data Entry,2
20250306,/blog/,Blog - Pro Efficient Data Entry,2
20250306,/business-process-automation-trends-and-insights-for-2024/,Business Process Automation Trends and Insights for 2024 - Pro Efficient Data Entry,2
20250306,/how-cfos-leverage-back-office-support-to-reduce-costs-and-optimize-operations/,How CFOs Leverage Back-Office Support to Reduce Costs and Optimize Operations - Pro Efficient Data Entry,2
20250306,/simplify-load-management-with-automation-for-faster-freight-dispatch/,Simplify Load Management with Automation for Faster Freight Dispatch - Pro Efficient Data Entry,2
20250308,/blog/,Blog - Pro Efficient Data Entry,2
20250308,/reposession-services/,Reposession Services - Pro Efficient Data Entry,2
20250310,/,Home - Pro Efficient Data Entry,2
20250310,/about/,About - Pro Efficient Data Entry,2
20250310,/customer-support/,Customer Support - Pro Efficient Data Entry,2
20250310,/customer-support/,Customer Support Service | Pro Efficient Data Entry,2
20250310,/manual-data-entry/,Manual Data Entry Services | Pro Efficient Data Entry,2
20250310,/transcription/,Transcription | Pro Efficient Data Entry,2
20250311,/get-paid-faster-with-automated-invoicing/,Automated Invoicing Services | Pro Efficient Data Entry,2
20250312,/,Automated Invoicing Services | Pro Efficient Data Entry,2
20250312,/,"Simple, Accurate Proof of Delivery - Pro Efficient Data Entry",2
20250312,/simple-accurate-proof-of-delivery/,Automated Invoicing Services | Pro Efficient Data Entry,2
20250318,/,Data Entry Companies In USA | Pro Efficient Data Entry,2
20250319,/get-paid-faster-with-automated-invoicing/,Automated Invoicing Services | Pro Efficient Data Entry,2
20250215,/404/,Page not found - Pro Efficient Data Entry,1
20250216,/404/,Page not found - Pro Efficient Data Entry,1
20250218,/about/,About - Pro Efficient Data Entry,1
20250218,/accounting-and-finance/,Accounting and Finance - Pro Efficient Data Entry,1
20250218,/contact/,Contact - Pro Efficient Data Entry,1
20250218,/crm-support/,CRM Support - Pro Efficient Data Entry,1
20250218,/manual-data-entry/,Manual Data Entry - Pro Efficient Data Entry,1
20250219,/,Home - Pro Efficient Data Entry,1
20250220,/about/,About - Pro Efficient Data Entry,1
20250220,/blog/,Blog - Pro Efficient Data Entry,1
20250220,/crm-support/,CRM Support - Pro Efficient Data Entry,1
20250220,/manual-data-entry/,Manual Data Entry - Pro Efficient Data Entry,1
20250220,/reposession-services/,Reposession Services - Pro Efficient Data Entry,1
20250220,/services/,Services - Pro Efficient Data Entry,1
20250221,/contact/,Contact - Pro Efficient Data Entry,1
20250221,/crm-support/,CRM Support - Pro Efficient Data Entry,1
20250221,/portfolio/basket-of-flower-on-table/,Pro Efficient Data Entry Services - Pro Efficient Data Entry,1
20250221,/services/,Services - Pro Efficient Data Entry,1
20250222,/reposession-services/,Reposession Services - Pro Efficient Data Entry,1
20250222,/services/,Services - Pro Efficient Data Entry,1
20250224,/about/,About - Pro Efficient Data Entry,1
20250224,/accounting-and-finance/,Accounting and Finance - Pro Efficient Data Entry,1
20250224,/contact/,Contact - Pro Efficient Data Entry,1
20250224,/manual-data-entry/,Manual Data Entry - Pro Efficient Data Entry,1
20250224,/reposession-services/,Reposession Services - Pro Efficient Data Entry,1
20250225,/,Footer – Pro Efficient Data Entry,1
20250225,/wo-admin,Page not found - Pro Efficient Data Entry,1
20250225,/wop-admin,Page not found - Pro Efficient Data Entry,1
20250226,/contact/,Contact - Pro Efficient Data Entry,1
20250227,/,Footer – Pro Efficient Data Entry,1
20250227,/,Header – Pro Efficient Data Entry,1
20250227,/about/,About - Pro Efficient Data Entry,1
20250303,/get-paid-faster-with-automated-invoicing/,Get Paid Faster with Automated Invoicing - Pro Efficient Data Entry,1
20250306,/reposession-services/,Reposession Services - Pro Efficient Data Entry,1
20250308,/about/,About - Pro Efficient Data Entry,1
20250308,/data-entry-companies-in-the-usa-the-ultimate-guide/,Data Entry Companies in the USA: The Ultimate Guide - Pro Efficient Data Entry,1
20250308,/reposession-services/,Repossession Services - Pro Efficient Data Entry,1
20250308,/services/,Services - Pro Efficient Data Entry,1
20250308,/the-importance-of-manual-data-entry-services-in-the-digital-age/,The Importance of Manual Data Entry Services in the Digital Age - Pro Efficient Data Entry,1
20250310,/,Back Office Support | Pro Efficient Data Entry,1
20250310,/,Business Process Automation Trends and Insights for 2024 - Pro Efficient Data Entry,1
20250310,/,Get Paid Faster with Automated Invoicing - Pro Efficient Data Entry,1
20250310,/,POD Automation Transforms | Pro Efficient Data Entry,1
20250310,/accounting-and-finance/,Virtual Assistance Company In USA | Pro Efficient Data Entry,1
20250310,/blog/,Blog - Pro Efficient Data Entry,1
20250310,/business-process-automation-trends-and-insights-for-2024/,Automation Trends and Insights for 2024 | Pro Efficient,1
20250310,/how-cfos-leverage-back-office-support-to-reduce-costs-and-optimize-operations/,How CFOs Leverage Back-Office Support to Reduce Costs and Optimize Operations - Pro Efficient Data Entry,1
20250310,/pricing/,Pricing - Pro Efficient Data Entry,1
20250310,/reposession-services/,Repossession Services - Pro Efficient Data Entry,1
20250310,/reposession-services/,Virtual Assistance Company In USA | Pro Efficient Data Entry,1
20250310,/services/,Services - Pro Efficient Data Entry,1
20250310,/simple-accurate-proof-of-delivery/,"Simple, Accurate Proof of Delivery - Pro Efficient Data Entry",1
20250310,/simplify-load-management-with-automation-for-faster-freight-dispatch/,Simplify Load Management with Automation for Faster Freight Dispatch - Pro Efficient Data Entry,1
20250310,/transcription/,Transcription - Pro Efficient Data Entry,1
20250312,/blog/,Blogs | Pro Efficient Data Entry,1
20250313,/,Data Entry Companies In USA | Pro Efficient Data Entry,1
20250313,/blog/,Blogs | Pro Efficient Data Entry,1
20250315,/,Repossession Services | Pro Efficient Data Entry,1
20250315,/reposession-services/,Virtual Assistance Company In USA | Pro Efficient Data Entry,1
20250315,/the-legal-aspect-of-repossession-know-your-rights-as-a-borrower-and-lender/,Repossession Services | Pro Efficient Data Entry,1
20250317,/,Data Entry Companies In USA | Pro Efficient Data Entry,1
20250317,/get-paid-faster-with-automated-invoicing/,Automated Invoicing Services | Pro Efficient Data Entry,1
20250319,/,Data Entry Companies In USA | Pro Efficient Data Entry,1
