Query,Page,Device,Clicks,Impressions,CTR,Position
best data entry services providers,https://proefficientdataentry.com/data-entry-companies-in-the-usa-the-ultimate-guide/,DESKTOP,0,5,0,70.4
business process automation trends,https://proefficientdataentry.com/business-process-automation-trends-and-insights-for-2024/,DESKTOP,0,1,0,94.0
d a t a e n t r y c o m p a n i e s,https://proefficientdataentry.com/data-entry-companies-in-the-usa-the-ultimate-guide/,DESKTOP,0,18,0,76.0
data entry,https://proefficientdataentry.com/,MOBILE,0,2,0,11.5
data entry business,https://proefficientdataentry.com/data-entry-companies-in-the-usa-the-ultimate-guide/,DESKTOP,0,1,0,65.0
data entry companies in us,https://proefficientdataentry.com/data-entry-companies-in-the-usa-the-ultimate-guide/,DESKTOP,0,24,0,34.291666666666664
data entry companies in us,https://proefficientdataentry.com/data-entry-companies-in-the-usa-the-ultimate-guide/,MOBILE,0,23,0,33.0
data entry companies in usa,https://proefficientdataentry.com/data-entry-companies-in-the-usa-the-ultimate-guide/,DESKTOP,0,14,0,26.0
data entry companies in usa,https://proefficientdataentry.com/data-entry-companies-in-the-usa-the-ultimate-guide/,MOBILE,0,1,0,29.0
data entry companies in usa for outsourcing,https://proefficientdataentry.com/data-entry-companies-in-the-usa-the-ultimate-guide/,DESKTOP,0,12,0,77.41666666666667
data entry companies usa,https://proefficientdataentry.com/data-entry-companies-in-the-usa-the-ultimate-guide/,DESKTOP,0,24,0,37.458333333333336
data entry firm,https://proefficientdataentry.com/data-entry-companies-in-the-usa-the-ultimate-guide/,DESKTOP,0,2,0,99.5
data entry firm in usa,https://proefficientdataentry.com/data-entry-companies-in-the-usa-the-ultimate-guide/,DESKTOP,0,4,0,57.25
data entry outsourcing companies in usa,https://proefficientdataentry.com/data-entry-companies-in-the-usa-the-ultimate-guide/,DESKTOP,0,2,0,93.5
data entry pro,https://proefficientdataentry.com/,DESKTOP,0,1,0,30.0
data entry pro,https://proefficientdataentry.com/,MOBILE,0,5,0,34.8
data entry provider,https://proefficientdataentry.com/data-entry-companies-in-the-usa-the-ultimate-guide/,DESKTOP,0,3,0,99.66666666666667
data entry service provider,https://proefficientdataentry.com/data-entry-companies-in-the-usa-the-ultimate-guide/,DESKTOP,0,1,0,91.0
data entry service providers,https://proefficientdataentry.com/data-entry-companies-in-the-usa-the-ultimate-guide/,DESKTOP,0,7,0,94.28571428571429
data entry service providers,https://proefficientdataentry.com/data-entry-companies-in-the-usa-the-ultimate-guide/,MOBILE,0,6,0,95.0
data entry services companies,https://proefficientdataentry.com/data-entry-companies-in-the-usa-the-ultimate-guide/,DESKTOP,0,2,0,77.5
data entry services in usa,https://proefficientdataentry.com/data-entry-companies-in-the-usa-the-ultimate-guide/,DESKTOP,0,3,0,56.666666666666664
data entry services providers,https://proefficientdataentry.com/data-entry-companies-in-the-usa-the-ultimate-guide/,DESKTOP,0,2,0,98.0
data entry vendors,https://proefficientdataentry.com/data-entry-companies-in-the-usa-the-ultimate-guide/,DESKTOP,0,6,0,92.33333333333333
data input companies,https://proefficientdataentry.com/data-entry-companies-in-the-usa-the-ultimate-guide/,DESKTOP,0,19,0,75.15789473684211
demos,https://proefficientdataentry.com/,DESKTOP,0,2,0,3.0
efficient data entry,https://proefficientdataentry.com/,DESKTOP,0,18,0,39.666666666666664
how does rely services ensure high-quality data entry services,https://proefficientdataentry.com/the-importance-of-manual-data-entry-services-in-the-digital-age/,DESKTOP,0,1,0,87.0
manual data entry,https://proefficientdataentry.com/the-importance-of-manual-data-entry-services-in-the-digital-age/,DESKTOP,0,2,0,101.5
manual data entry service,https://proefficientdataentry.com/manual-data-entry/,DESKTOP,0,6,0,90.5
manual data entry services,https://proefficientdataentry.com/data-entry-companies-in-the-usa-the-ultimate-guide/,DESKTOP,0,1,0,92.0
manual data entry services,https://proefficientdataentry.com/manual-data-entry/,DESKTOP,0,9,0,57.55555555555556
manual data entry services,https://proefficientdataentry.com/the-importance-of-manual-data-entry-services-in-the-digital-age/,DESKTOP,0,21,0,59.80952380952381
manual data entry services usa,https://proefficientdataentry.com/data-entry-companies-in-the-usa-the-ultimate-guide/,DESKTOP,0,3,0,51.333333333333336
pro efficient,https://proefficientdataentry.com/,DESKTOP,0,8,0,5.25
pro efficient,https://proefficientdataentry.com/,MOBILE,0,25,0,6.6
pro efficient,https://proefficientdataentry.com/about/,DESKTOP,0,1,0,9.0
pro efficient,https://proefficientdataentry.com/about/,MOBILE,0,2,0,10.0
pro-efficient,https://proefficientdataentry.com/,DESKTOP,0,14,0,7.571428571428571
pro-efficient,https://proefficientdataentry.com/,MOBILE,0,7,0,7.0
real-time proof of delivery,https://proefficientdataentry.com/simple-accurate-proof-of-delivery/,DESKTOP,0,3,0,92.66666666666667
top data entry companies in usa,https://proefficientdataentry.com/data-entry-companies-in-the-usa-the-ultimate-guide/,DESKTOP,0,2,0,37.0
usa data entry company,https://proefficientdataentry.com/data-entry-companies-in-the-usa-the-ultimate-guide/,DESKTOP,0,3,0,33.0
usa data entry projects provider,https://proefficientdataentry.com/data-entry-companies-in-the-usa-the-ultimate-guide/,DESKTOP,0,7,0,81.0
what is manual data entry,https://proefficientdataentry.com/the-importance-of-manual-data-entry-services-in-the-digital-age/,DESKTOP,0,32,0,84.53125
what is manual data entry,https://proefficientdataentry.com/the-importance-of-manual-data-entry-services-in-the-digital-age/,MOBILE,0,1,0,90.0
