"Post ID","Page ID","Page name",Title,Description,"Duration (secs)","Publish time","Caption type",Permalink,"Is crosspost","Is share","Post type",Languages,"Custom labels","Funded content status","Data comment",Date,Views,Reach,"Reactions, comments and shares",Reactions,Comments,Shares,"Total clicks",Views,"Reach from Organic posts","Reach from Boosted posts","3-second video views","1-minute video views","3-second viewers","1-minute viewers","3-second video views from Boosted posts","3-second video views from Organic posts","Engaged users","Negative feedback from users","Unique negative feedback from users","Seconds viewed","Average Seconds viewed","Estimated earnings (USD)","Ad CPM (USD)","Ad impressions","Other clicks"
122121474620644102,61569323067856,"Pro Efficient Data Entry","Choose Proficient Data Entry to enhance accuracy, efficiency, and speed in your projects. 

Stand out from the competition with reliable, high-quality data management solutions.

Contact Us : +1201 920 9709
Mail Us : info@proefficientdataentry.com
Visit us : https://www.proefficientdataentry.com

#DataProcessing #BusinessSolutions #Efficiency #DataQuality #VirtualAssistant #FreelanceServices #BusinessGrowth #DataDriven #Outsource #TechSolutions #Productivity #RemoteWork","Choose Proficient Data Entry to enhance accuracy, efficiency, and speed in your projects. 

Stand out from the competition with reliable, high-quality data management solutions.

Contact Us : +1201 920 9709
Mail Us : info@proefficientdataentry.com
Visit us : https://www.proefficientdataentry.com

#DataProcessing #BusinessSolutions #Efficiency #DataQuality #VirtualAssistant #FreelanceServices #BusinessGrowth #DataDriven #Outsource #TechSolutions #Productivity #RemoteWork",41,"03/15/2025 03:06",N/A,https://www.facebook.com/61569323067856/videos/1151179272886419/,0,0,Videos,,,,,Lifetime,0,1,0,0,0,0,0,0,1,0,0,0,0,0,0,0,0,0,0,0,0,0,0,0,
122121248420644102,61569323067856,"Pro Efficient Data Entry","Celebrate this Holi with bright colors, sweet moments, and endless joy. May your life be filled with happiness and love. Wishing you a Happy Holi

Contact Us : +1201 920 9709
Mail Us : info@proefficientdataentry.com
Visit us : https://www.proefficientdataentry.com

#FestivalOfColors #Holi2025 #ColorfulVibes #CelebrateWithJoy #HoliHappiness #BrightAndBeautiful #SpreadColors #FestiveMood #JoyfulHoli",,0,"03/13/2025 22:26",N/A,https://www.facebook.com/permalink.php?story_fbid=pfbid0JE37CctrHPUQZrC98KLJRFyMVF6N5jZUheZTMuhgyFh7w3rfpcNpN8ZtcRQTTGojl&id=61569323067856,0,0,Photos,,,,,Lifetime,0,2,0,0,0,0,0,0,2,0,0,0,0,0,0,0,0,0,0,,,,,,
122120973458644102,61569323067856,"Pro Efficient Data Entry","Clear the air, break the habit! This No Smoking Day, choose health over haze. Quit now for a brighter, smoke-free future!

Contact Us : +1201 920 9709
Mail Us : info@proefficientdataentry.com
Visit us : https://www.proefficientdataentry.com

#NoSmokingDay2025 #BreatheFresh #SmokeFreeLife #QuitSmoking #StayHealthy #FreshStart #HealthyLiving #KickTheHabit #SayNoToSmoking #LiveSmokeFree",,0,"03/11/2025 23:05",N/A,https://www.facebook.com/permalink.php?story_fbid=pfbid02GizgCdqD6nsimPn1nNeSh2JYmeywefH4pCJhtjvnNnb6Lk38PNXLrEXBBXUqRw1Wl&id=61569323067856,0,0,Photos,,,,,Lifetime,0,3,0,0,0,0,0,0,3,0,0,0,0,0,0,0,0,0,0,,,,,,
122120861750644102,61569323067856,"Pro Efficient Data Entry","Automated data entry boosts speed & accuracy, while manual ensures control & flexibility. Choose efficiency with Proefficient Data Entry—where automation meets precision! 

Contact Us : +1201 920 9709
Mail Us : info@proefficientdataentry.com
Visit us : https://www.proefficientdataentry.com

#ProefficientDataEntry #DataAutomation #ManualVsAutomated #SmartDataEntry #EfficiencyMatters #DataAccuracy #AutomationBenefits #SeamlessProcessing #BoostProductivity #TechDrivenSolutions","Automated data entry boosts speed & accuracy, while manual ensures control & flexibility. Choose efficiency with Proefficient Data Entry—where automation meets precision! 

Contact Us : +1201 920 9709
Mail Us : info@proefficientdataentry.com
Visit us : https://www.proefficientdataentry.com

#ProefficientDataEntry #DataAutomation #ManualVsAutomated #SmartDataEntry #EfficiencyMatters #DataAccuracy #AutomationBenefits #SeamlessProcessing #BoostProductivity #TechDrivenSolutions",37,"03/11/2025 04:39",N/A,https://www.facebook.com/reel/632327922990275/,0,0,Reels,,,,,Lifetime,0,1,0,0,0,0,0,0,1,0,,,,,0,0,,,,0,0,0,,0,
122120677988644102,61569323067856,"Pro Efficient Data Entry","Want to discover some crazy facts? Follow Proefficient Data Entry for mind-blowing insights, data trends, and expert tips. Stay informed, stay ahead!

Contact Us : +1201 920 9709
Mail Us : info@proefficientdataentry.com
Visit us : https://www.proefficientdataentry.com

#CrazyFacts #ProefficientDataEntry #DataInsights #StayInformed #MindBlowingFacts #DataTrends #DidYouKnow #FactOfTheDay #KnowledgeMatters #stayaheadofthecompetition",,0,"03/09/2025 22:16",N/A,https://www.facebook.com/permalink.php?story_fbid=pfbid037YV9cSV4n8cAgDpfkUC6Gyw2Uj8gZFdHUxP4cHqSKYJ2cszLzhHeJNESfEx7CiVZl&id=61569323067856,0,0,Photos,,,,,Lifetime,0,2,0,0,0,0,0,0,2,0,0,0,0,0,0,0,0,0,0,,,,,,
122120422766644102,61569323067856,"Pro Efficient Data Entry","Happy International Women’s Day! Celebrating the strength, resilience, and achievements of women everywhere. Keep inspiring, leading, and breaking barriers. You are unstoppable!

Contact Us : +1201 920 9709
Mail Us : info@proefficientdataentry.com
Visit us : https://www.proefficientdataentry.com

#InternationalWomensDay #WomensDay2025 #EmpowerHer #CelebrateWomen #WomenInspire #StrongerTogether",,0,"03/08/2025 03:12",N/A,https://www.facebook.com/permalink.php?story_fbid=pfbid02i6vs5RnjW8Az65bYgPysnE1deQqLkT1aGjhVZTpZSHqndR9y847UJ6QaYKarwHRYl&id=61569323067856,0,0,Photos,,,,,Lifetime,0,1,0,0,0,0,1,0,1,0,0,0,0,0,0,0,1,0,0,,,,,,1
122120278616644102,61569323067856,"Pro Efficient Data Entry","Errors vs. Efficiency: Which Data Entry Method Works Best? Maximize accuracy and productivity with Proefficient Data Entry—where automation meets precision for seamless data management!

Contact Us : +1201 920 9709
Mail Us : info@proefficientdataentry.com
Visit us : https://www.proefficientdataentry.com

#DataEntry #AutomationVsManual #EfficiencyMatters #SmartDataManagement #ProefficientDataEntry #AccuracyFirst #ProductivityBoost #ErrorFreeData #SeamlessWorkflow #DataSolutions",,0,"03/07/2025 03:42",N/A,https://www.facebook.com/permalink.php?story_fbid=pfbid02YXGXNFhRxctuE9k6Mt3E5sK6uqAA7c8aXxncfjsqCX6RLLyHi7VA5ZizVGUEWvJtl&id=61569323067856,0,0,Photos,,,,,Lifetime,0,2,0,0,0,0,0,0,2,0,0,0,0,0,0,0,0,0,0,,,,,,
122120116736644102,61569323067856,"Pro Efficient Data Entry","Effortless Data Management Starts Here! ✅ Let ProEfficient Data Entry handle your data with accuracy, speed, and efficiency – so you can focus on growth. 

Contact Us : +1201 920 9709
Mail Us : info@proefficientdataentry.com
Visit us : https://www.proefficientdataentry.com

#ProEfficientDataEntry #DataManagement #EffortlessData #DataExperts #AccurateData #SmartDataSolutions #StreamlineYourData",,0,"03/06/2025 00:14",N/A,https://www.facebook.com/permalink.php?story_fbid=pfbid029yhK3iFpbJbZbGjZKLivCjXYYwYzaCrVpg6XRmSsWTDAwnQDRix1oKhXGBscpLril&id=61569323067856,0,0,Photos,,,,,Lifetime,0,2,0,0,0,0,0,0,2,0,0,0,0,0,0,0,0,0,0,,,,,,
122119987700644102,61569323067856,"Pro Efficient Data Entry","Precision at Its Best! ProEfficient Data Entry ensures 99.9% accuracy with expert manual data entry services. Reliable, error-free, and efficient—trust us with your data!

Contact Us : +1201 920 9709
Mail Us : info@proefficientdataentry.com
Visit us : https://www.proefficientdataentry.com

#DataEntry #ManualDataEntry #AccuracyMatters #ErrorFreeData #ProEfficientData #DataPrecision #ReliableData #EfficientSolutions #DataManagement #BusinessSolutions #FlawlessEntry #DataExperts #HighAccuracy #99PercentAccuracy #DataProcessing",,0,"03/05/2025 03:38",N/A,https://www.facebook.com/permalink.php?story_fbid=pfbid0HgFroeGS8FTJJ47R9hqLshp9jox7eSCEDoMaHWz5o6sYat8vBB8B1PkYXdGpZSPZl&id=61569323067856,0,0,Photos,,,,,Lifetime,0,3,0,0,0,0,2,0,3,0,0,0,0,0,0,0,1,0,0,,,,,,2
122119857614644102,61569323067856,"Pro Efficient Data Entry","Unlock Success with Accurate Data Insights! 

Proefficient Data Entry ensures precision, efficiency, and reliability for your business. Make informed decisions with flawless data management today!

Contact Us : +1201 920 9709
Mail Us : info@proefficientdataentry.com
Visit us : https://www.proefficientdataentry.com

#ProefficientDataEntry #AccurateData #DataDrivenSuccess #UnlockSuccess #SmartDecisions #EfficientDataManagement #PrecisionMatters #ReliableData #FlawlessEntry #BusinessGrowth#DataIntegrity #SuccessWithData #OptimizeWithAccuracy #TrustYourData #StreamlineSuccess",,0,"03/04/2025 04:02",N/A,https://www.facebook.com/permalink.php?story_fbid=pfbid02SV986W1yc7QoNPdfJUpAnYY9NiFywVAz3oamfWvPGmi9pMaSJ7VgXScqRUVpXFVKl&id=61569323067856,0,0,Photos,,,,,Lifetime,0,0,0,0,0,0,0,0,0,0,0,0,0,0,0,0,0,0,0,,,,,,
122119743644644102,61569323067856,"Pro Efficient Data Entry","Data Entry Demystified: Unlock efficiency and accuracy! Master essential skills, streamline workflows, and boost productivity with precision. Elevate your data game today!

Contact Us : +1201 920 9709
Mail Us : info@proefficientdataentry.com
Visit us : https://www.proefficientdataentry.com

#DataEntry #ProductivityBoost #EfficiencyMatters #WorkSmart #DataManagement #AccuracyMatters #StreamlineWorkflows #SkillEnhancement #DataProficiency #BoostProductivity #OrganizedData #WorkEfficiency #BusinessGrowth #TimeManagement #DataEntryExperts",,0,"03/03/2025 05:08",N/A,https://www.facebook.com/permalink.php?story_fbid=pfbid02UYWPW1weKFaPQ7gLBtWFtHyGieTa47bQaP5h8c7hMspvdbEhbu26zgn1AJ1Meekdl&id=61569323067856,0,0,Photos,,,,,Lifetime,0,2,0,0,0,0,0,0,2,0,0,0,0,0,0,0,0,0,0,,,,,,
122119421468644102,61569323067856,"Pro Efficient Data Entry","From focus to clarity and accuracy, Proefficient Data Entry ensures precision-driven results. 

📊✨ Boost efficiency with seamless data management and error-free solutions. Trust us for perfection! 

Contact Us : +1201 920 9709
Mail Us : info@proefficientdataentry.com
Visit us : https://www.proefficientdataentry.com

#FocusToClarity ✅ #ProefficientDataEntry 📊 #AccuracyMatters ✨ #DataPrecision 🔍 #SeamlessSolutions 💻 #ErrorFreeResults ✅ #EfficiencyBoost 🚀 #SmartDataManagement 📑 #ReliableServices 🔹 #DataExcellence 📈",,0,"02/28/2025 22:01",N/A,https://www.facebook.com/permalink.php?story_fbid=pfbid0eiu4QrwSWoA77tj9bCagpTE8t7EynQPXQZhPLm7ZhGnwzRkY88JB6MM6Ah1ipRJbl&id=61569323067856,0,0,Photos,,,,,Lifetime,0,1,0,0,0,0,0,0,1,0,0,0,0,0,0,0,0,0,0,,,,,,
122119163618644102,61569323067856,"Pro Efficient Data Entry","Boost productivity and cut costs with ProEfficient Data Entry—where accuracy meets speed, ensuring seamless data management for your business success!

Contact Us : +1201 920 9709
Mail Us : info@proefficientdataentry.com
Visit us : https://www.proefficientdataentry.com

#ProEfficientDataEntry #EfficiencyMeetsSaving #SmartDataSolutions #SeamlessDataManagement #DataEntryExperts #ProductivityBoost #CostEffectiveSolutions #AccurateData #BusinessSuccess #SpeedAndAccuracy",,0,"02/27/2025 04:52",N/A,https://www.facebook.com/permalink.php?story_fbid=pfbid02ZxNqgV3vSw9uA9vYTwbVqG8K2X24bpnKJBVuMz98MoGGkcHJ8Ky9kQ6vxAmAbTN7l&id=61569323067856,0,0,Photos,,,,,Lifetime,0,2,0,0,0,0,0,0,2,0,0,0,0,0,0,0,0,0,0,,,,,,
122119023044644102,61569323067856,"Pro Efficient Data Entry","Experience precision in every stroke with Proefficient Data Entry. Your data deserves our accuracy. Trust us to handle your data entry needs seamlessly and efficiently.

Contact Us : +1201 920 9709
Mail Us : info@proefficientdataentry.com
Visit us : https://www.proefficientdataentry.com

#DataEntry #Proefficient #DataAccuracy #BusinessSolutions #DataManagement #Efficiency #DataProcessing #AdministrativeSupport #BusinessServices #Outsourcing #DataEntryServices #AccuracyMatters #StreamlineYourWork #ProfessionalServices #DataExperts",,0,"02/26/2025 04:30",N/A,https://www.facebook.com/permalink.php?story_fbid=pfbid0xXhTbVU675xgiXnttwRGyxJBxJ8rF1pBTYDd3xe5qd5rc6AEt2Xy6RbmFydtd7Ldl&id=61569323067856,0,0,Photos,,,,,Lifetime,0,1,0,0,0,0,0,0,1,0,0,0,0,0,0,0,0,0,0,,,,,,
122118907058644102,61569323067856,"Pro Efficient Data Entry","Service excellence begins with Proefficient Data Entry. Experience accuracy, efficiency, and reliability in data management. Let us elevate your business operations today!

Contact Us : +1201 920 9709
Mail Us : info@proefficientdataentry.com
Visit us : https://www.proefficientdataentry.com

#DataEntry #Proefficient #ServiceExcellence #DataManagement #BusinessEfficiency #AccuracyMatters #DataProcessing #ReliableService #BusinessSolutions #DataDriven #EfficiencyExperts #DataQuality #StreamlineOperations #BusinessGrowth #ProfessionalServices",,0,"02/25/2025 08:06",N/A,https://www.facebook.com/permalink.php?story_fbid=pfbid02rjf7EfFQ5YcaHtxHbATL4JAeENo9gZWiopRvyd9SV3K8iZxUfvnjhFoWoRHDxjadl&id=61569323067856,0,0,Photos,,,,,Lifetime,0,2,0,0,0,0,0,0,2,0,0,0,0,0,0,0,0,0,0,,,,,,
122118285086644102,61569323067856,"Pro Efficient Data Entry","Struggling with endless data errors, missing entries, and manual hassles? Proefficient Data Entry ensures accuracy, efficiency, and stress-free data management every day!

Contact Us : +1201 920 9709
Mail Us : info@proefficientdataentry.com
Visit us : https://www.proefficientdataentry.com

#DataStruggles #ProefficientDataEntry #DataAccuracy #EfficiencyMatters #SeamlessData #ErrorFreeWork #SmartDataManagement",,0,"02/21/2025 05:08",N/A,https://www.facebook.com/permalink.php?story_fbid=pfbid02gzAh5FENyxTR4VpMLSqbL8cgDneVU2tPkHJFrX42aPjqpEomV37QodJ1HezT2c8el&id=61569323067856,0,0,Photos,,,,,Lifetime,0,3,0,0,0,0,0,0,3,0,0,0,0,0,0,0,0,0,0,,,,,,
122118070784644102,61569323067856,"Pro Efficient Data Entry","Take control of your finances with Proefficient Data Entry! 📊💰 Smart accounting solutions to boost profits and efficiency. Master your finances today! 

Contact Us : +1201 920 9709
Mail Us : info@proefficientdataentry.com
Visit us : https://www.proefficientdataentry.com

#ProefficientDataEntry #MasterYourFinances #FinancialSuccess #AccountingSolutions #BusinessGrowth #DataEntryExperts #FinanceManagement #OptimizeProfits #SmartBusiness #MoneyMatters",,0,"02/19/2025 22:46",N/A,https://www.facebook.com/permalink.php?story_fbid=pfbid0B59WVT1wZhLaPxG2C7sudae3eF8WP1qxzpg2UjMV8TqGhh4nLADB2NCE4cwNSd9Zl&id=61569323067856,0,0,Photos,,,,,Lifetime,0,2,0,0,0,0,0,0,2,0,0,0,0,0,0,0,0,0,0,,,,,,
122117933744644102,61569323067856,"Pro Efficient Data Entry","From speed to accuracy, we deliver excellence! Proefficient Data Entry ensures precise, fast, and reliable data solutions for your business success. Trust the experts!

Contact Us : +1201 920 9709
Mail Us : info@proefficientdataentry.com
Visit us : https://www.proefficientdataentry.com

#SpeedToAccuracy #ProefficientDataEntry #DataPrecision #FastAndAccurate #ReliableData #EfficiencyMatters #DataSolutions #ExpertDataEntry",,0,"02/18/2025 23:24",N/A,https://www.facebook.com/permalink.php?story_fbid=pfbid024Q77oCybqFGqLCyQuq348HvhaCcquvGmM3wCZKuGV2y334FYqnipPUg8nzHJ8oo9l&id=61569323067856,0,0,Photos,,,,,Lifetime,0,1,0,0,0,0,0,0,1,0,0,0,0,0,0,0,0,0,0,,,,,,
122117779778644102,61569323067856,"Pro Efficient Data Entry","CRM support enhances customer relationships, boosts sales, organizes data, improves team productivity, and enables data-driven decisions. Streamline operations and grow your business efficiently with expert CRM solutions! 

Contact Us : +1201 920 9709
Mail Us : info@proefficientdataentry.com
Visit us : https://www.proefficientdataentry.com

#CRMSupport #CustomerRelationships #BusinessGrowth #SalesBoost #DataManagement #Productivity #CRMSolutions #BusinessSuccess #CustomerExperience #Automation #EfficientWorkflows #LeadManagement #TechForBusiness #DataDriven #SmartBusiness",,0,"02/17/2025 17:30",N/A,https://www.facebook.com/permalink.php?story_fbid=pfbid0zA4CLbZNDQR8KjmVqAeo5J9v3JLyurAFyzAPJnjVNMMPMP7hzG4yZaJfB583VfCdl&id=61569323067856,0,0,Photos,,,,,Lifetime,0,3,0,0,0,0,0,0,3,0,0,0,0,0,0,0,0,0,0,,,,,,
122117705576644102,61569323067856,"Pro Efficient Data Entry","What feature do you value most in a data entry service? Accuracy, speed, or security? 

Contact Us : +1201 920 9709
Mail Us : info@proefficientdataentry.com
Visit us : https://www.proefficientdataentry.com

#ProefficientDataEntry #DataAccuracy #SpeedAndEfficiency #SecureData #DataManagement #SeamlessOperations #BusinessSolutions #DataProcessing",,0,"02/17/2025 04:36",N/A,https://www.facebook.com/permalink.php?story_fbid=pfbid0RFPd4a4D6osSnWxj1kpeqF3Qzm2DUrZJD1DL7JPz3gYaATR7w9qFxrUpcjXpnLjil&id=61569323067856,0,0,Photos,,,,,Lifetime,0,0,0,0,0,0,0,0,0,0,0,0,0,0,0,0,0,0,0,,,,,,
